INSERT INTO Users 
VALUES ('matruongvu', '$2a$10$TzDeitFt5kFI6nQgLPqJfelouc08AWJAr4tQZyr96X6nal7pw4oBi', 'Mã', 'Trường', 'Vũ', 'vumakhmtk22@hcmut.edu.vn', '2004-01-18', '0385676052', 'USER', '2213995', '3', 'Khoa học và Kỹ thuật máy tính', 20),
	   ('nguyencaocuong', '$2a$10$TzDeitFt5kFI6nQgLPqJfelouc08AWJAr4tQZyr96X6nal7pw4oBi', 'Nguyễn', 'Cao', 'Cường', 'cuongnguyen@hcmut.edu.vn', '2004-05-19', '092662851', 'USER', '2210429', '3', 'Khoa học và Kỹ thuật máy tính', 25),
	   ('nguyenmanhhung', '$2a$10$TzDeitFt5kFI6nQgLPqJfelouc08AWJAr4tQZyr96X6nal7pw4oBi', 'Nguyễn', 'Mạnh', 'Hùng', 'hungnguyen@hcmut.edu.vn', '2004-01-26', '0922713005', 'USER', '2211337', '3', 'Khoa học và Kỹ thuật máy tính', 15),
	   ('lamtuanhuy', '$2a$10$TzDeitFt5kFI6nQgLPqJfelouc08AWJAr4tQZyr96X6nal7pw4oBi', 'Lâm', 'Tuấn', 'Huy', 'huylam@hcmut.edu.vn', '2004-03-12', '0987759443', 'USER', '2211456', '3', 'Khoa học và Kỹ thuật máy tính', 10),
	   ('huynhnga', '$2a$10$TzDeitFt5kFI6nQgLPqJfelouc08AWJAr4tQZyr96X6nal7pw4oBi', 'Huỳnh', null, 'Nga', 'huynhnga@hcmut.edu.vn', '2003-07-08', '0927184729', 'USER', '2111678', '3', 'Khoa học và Kỹ thuật máy tính', 30),
	   ('hoangnhatlinh', '$2a$10$TzDeitFt5kFI6nQgLPqJfelouc08AWJAr4tQZyr96X6nal7pw4oBi', 'Hoàng', 'Nhật', 'Linh', 'linhhoang@hcmut.edu.vn', '2004-10-27', '0938537131', 'USER', '2211283', '3', 'Khoa học và Kỹ thuật máy tính', 15),
	   ('honhattri', '$2a$10$TzDeitFt5kFI6nQgLPqJfelouc08AWJAr4tQZyr96X6nal7pw4oBi', 'Hồ', 'Nhật', 'Trị', 'triho@hcmut.edu.vn', '2004-4-20', '0971620289', 'USER', '2213969', '3', 'Khoa học và Kỹ thuật máy tính', 0),
	   ('nguyentrungtruc', '$2a$10$TzDeitFt5kFI6nQgLPqJfelouc08AWJAr4tQZyr96X6nal7pw4oBi', 'Nguyễn', 'Trung', 'Trực', 'trucnguyen@hcmut.edu.vn', '2004-02-29', '0382746273', 'USER', '2212356', '3', 'Toán ứng dụng', 10),
	   ('tranduchuy', '$2a$10$TzDeitFt5kFI6nQgLPqJfelouc08AWJAr4tQZyr96X6nal7pw4oBi@123', 'Trần', 'Đức', 'Huy', 'huytran@hcmut.edu.vn', '2003-12-24', '0366742379', 'USER', '2111506', '4', 'Quản lí công nghiệp', 40),
	   ('leducanh', '$2a$10$TzDeitFt5kFI6nQgLPqJfelouc08AWJAr4tQZyr96X6nal7pw4oBi', 'Lê', 'Đức', 'Anh', 'anhle@hcmut.edu.vn', '2004-12-26', '0903816253', 'USER', '2210015', '3', 'Logistic', 15),
	   ('tranmy', '$2a$10$TzDeitFt5kFI6nQgLPqJfelouc08AWJAr4tQZyr96X6nal7pw4oBi', 'Trần', null, 'My', 'mytran@hcmut.edu.vn', '2002-03-15', '0903964525', 'USER', '2011995', '5', 'Kỹ thuật hóa học', 10),
	   ('nguyenphuonghang', '$2a$10$TzDeitFt5kFI6nQgLPqJfelouc08AWJAr4tQZyr96X6nal7pw4oBi', 'Nguyễn', 'Phương', 'Hằng', 'hangnguyen@hcmut.edu.vn', '2003-02-08', '0365732832', 'USER', '2111389', '4', 'Vật lí kỹ thuật', 0),
	   ('lymyphung', '$2a$10$TzDeitFt5kFI6nQgLPqJfelouc08AWJAr4tQZyr96X6nal7pw4oBi@', 'Lý', 'Mỹ', 'Phụng', 'phungly@hcmut.edu.vn', '2005-10-21', '0368546127', 'USER', '2312972', '2', 'Điện và Điện tử', 40),
	   ('tranhokhoanguyen', '$2a$10$TzDeitFt5kFI6nQgLPqJfelouc08AWJAr4tQZyr96X6nal7pw4oBi', 'Trần', 'Hồ Khoa', 'Nguyên', 'nguyentran@hcmut.edu.vn', '2005-7-20', '0167582750', 'USER', '2311890', '2', 'Xây dựng', 15),
	   ('phamvietanh', '$2a$10$TzDeitFt5kFI6nQgLPqJfelouc08AWJAr4tQZyr96X6nal7pw4oBi', 'Phạm', 'Việt', 'Anh', 'anhpham@hcmut.edu.vn', '2002-09-18', '0901027365','USER', '2010032', '5', 'Quản lí công nghiêp', 10),
	   ('nguyenminhtu', '$2a$10$TzDeitFt5kFI6nQgLPqJfelouc08AWJAr4tQZyr96X6nal7pw4oBi', 'Nguyễn', 'Minh', 'Tú', 'tunguyen@hcmut.edu.vn', '2005-05-24', '0924354851', 'USER', '2313086', '2', 'Vật lí kỹ thuật', 40),
	   ('trannhathao', '$2a$10$TzDeitFt5kFI6nQgLPqJfelouc08AWJAr4tQZyr96X6nal7pw4oBi', 'Trần', 'Nhật', 'Hào', 'haotran@hcmut.edu.vn', '2006-07-26', '0378162519', 'USER', '2413006', '1', 'Kỹ thuật hóa học', 25),
	   ('tranthuyduong', '$2a$10$TzDeitFt5kFI6nQgLPqJfelouc08AWJAr4tQZyr96X6nal7pw4oBi', 'Trần', 'Thuỳ', 'Dương', 'duongtran@hcmut.edu.vn', '2004-09-12', '0933126463', 'USER', '2210679', '3', 'Xây dựng', 10),
	   ('quachtinh', '$2a$10$TzDeitFt5kFI6nQgLPqJfelouc08AWJAr4tQZyr96X6nal7pw4oBi', 'Quách', null, 'Tĩnh', 'tinhquach@hcmut.edu.vn', '2003-09-08', '0975780703', 'USER', '2113025', '4', 'Toán ứng dụng', 40),
	   ('truongvoky', '$2a$10$TzDeitFt5kFI6nQgLPqJfelouc08AWJAr4tQZyr96X6nal7pw4oBi', 'Trương', 'Vô', 'Kỵ', 'kytruong@hcmut.edu.vn', '2002-11-07', '0969431926', 'USER', '2011245', '5', 'Điện và Điện tử', 10),
	   ('admin', '$2a$10$AsNfKKDEVY45NA6WTBX1gufLDnSadPxuA7RYcZ9PMu0nmxkV0GWOa', 'Hoàng', 'Dược', 'Sư', 'adminprinting@gmail.com', '2001-04-01', '0927152562', 'ADMIN', null, null, null, null);

INSERT INTO Printer (brand_name, printer_model, description, campus, building, room)
VALUES ('HP', 'OfficeJet Pro 9025e', 'Máy in phun, Máy in laser, Máy in đa chức năng (in, scan, copy, fax)', '02', 'H1', '105'),
	   ('Canon', 'imageCLASS MF445dw', 'Máy in phun, Máy in laser, Máy in ảnh', '02', 'H1', '105'),
	   ('HP', 'LaserJet Pro M404dn', 'Máy in phun, Máy in laser, Máy in đa chức năng (in, scan, copy, fax)', '02', 'H1', '106'),
	   ('Epson', 'WorkForce Pro WF-4740', 'Máy in phun, Máy in ảnh, Máy in chuyên dụng cho ngành công nghiệp', '02', 'H2', '202'),
	   ('HP', 'OfficeJet Pro 9025e', 'Máy in phun, Máy in laser, Máy in đa chức năng (in, scan, copy, fax)', '02', 'H2', '202'),
	   ('Brother', 'MFC-J995DW', 'Máy in laser, Máy in phun, Máy in đa chức năng', '02', 'H2', '202'),
	   ('Epson', 'WorkForce Pro WF-4740', 'Máy in phun, Máy in ảnh, Máy in chuyên dụng cho ngành công nghiệp', '02', 'H3', '104'),
	   ('Brother', 'MFC-J995DW', 'Máy in laser, Máy in phun, Máy in đa chức năng', '02', 'H3', '302'),
	   ('Brother', 'MFC-L2750DW', 'Máy in laser, Máy in phun, Máy in đa chức năng', '02', 'H3', '302'),
	   ('HP', 'OfficeJet Pro 9025e', 'Máy in phun, Máy in laser, Máy in đa chức năng (in, scan, copy, fax)', '02', 'H6', '605'),
	   ('Brother', 'MFC-J995DW', 'Máy in laser, Máy in phun, Máy in đa chức năng', '02', 'H6', '109'),
	   ('Epson', 'WorkForce Pro WF-4740', 'Máy in phun, Máy in ảnh, Máy in chuyên dụng cho ngành công nghiệp', '02', 'H6', '109');

ALTER SEQUENCE printer_printer_id_seq RESTART WITH 1;

INSERT INTO Printing 
VALUES ('matruongvu', 1),
       ('matruongvu', 2),
	   ('hoangnhatlinh', 11),
	   ('nguyenmanhhung', 3),
	   ('nguyencaocuong', 5),
	   ('nguyencaocuong', 9),
	   ('huynhnga', 8),
	   ('lamtuanhuy', 1),
	   ('matruongvu', 5),
       ('matruongvu', 10),
	   ('nguyencaocuong', 1),
	   ('nguyenmanhhung', 8),
	   ('nguyenmanhhung', 12),
	   ('lamtuanhuy', 3),
	   ('lamtuanhuy', 7),
	   ('lamtuanhuy', 9),
	   ('huynhnga', 1),
	   ('hoangnhatlinh', 6),
	   ('hoangnhatlinh', 1),
	   ('hoangnhatlinh', 2),
	   ('honhattri', 4),
	   ('honhattri', 9),
	   ('honhattri', 10),
	   ('nguyentrungtruc', 5),
	   ('nguyentrungtruc', 6),
	   ('leducanh', 3),
	   ('tranmy', 4),
	   ('tranmy', 5),
	   ('nguyenphuonghang', 1),
	   ('nguyenphuonghang', 2),
	   ('nguyenphuonghang', 10),
	   ('tranhokhoanguyen', 7),
	   ('tranhokhoanguyen', 8),
	   ('phamvietanh', 3),
	   ('trannhathao', 8),
	   ('trannhathao', 9),
	   ('tranthuyduong', 12),
	   ('truongvoky', 11);
	  
INSERT INTO Printed_turn
VALUES 

-- HK232

	   ('matruongvu', 1, '2024-05-15', '09:28:11', '09:30:01', 'Báo cáo bài tập lớn Hệ cơ sở dữ liệu', '.pdf', 36, 'A4', 2, 1),
	   ('matruongvu', 1, '2024-07-26', '14:02:27', '14:03:01', 'Tóm tắt công thức Kinh tế kỹ thuật', '.jpg', 2, 'A4', 2, 2),
	   ('matruongvu', 2, '2024-08-20', '10:56:05', '10:58:12', 'Báo cáo bài tập lớn Pháp luật Đại cương', '.pdf', 20, 'A4', 2, 1),
	   ('hoangnhatlinh', 11, '2024-07-26', '16:20:13', '16:22:00', 'Báo cáo thí nghiệm Hệ thống số', '.pdf', 16, 'A4', 2, 1),
	   ('hoangnhatlinh', 11, '2024-08-22', '16:29:13', '16:31:21', 'Báo cáo thí nghiệm Hóa đại cương', '.pdf', 20, 'A4', 2, 1),
	   ('nguyenmanhhung', 3, '2024-05-24', '08:22:11', '08:25:16', 'Tài liệu Hệ cơ sở dữ liệu', 'docx', 40, 'A4', 2, 1),
	   ('nguyenmanhhung', 3, '2024-08-21', '09:32:21', '09:34:39', 'Báo cáo thí nghiệm Hóa đại cương', '.docx', 30, 'A4', 2, 1),
	   ('nguyencaocuong', 5, '2024-05-15', '10:20:05', '10:22:22', 'Tài liệu Hệ cơ sở dữ liệu', '.docx', 40, 'A4', 2, 1),
	   ('nguyencaocuong', 9, '2024-05-21', '09:42:11', '09:45:28', 'Báo cáo bài tập lớn Lập trình nâng cao', '.pdf', 50, 'A4', 2, 1),
	   ('huynhnga', 8, '2024-05-24', '12:28:30', '12:31:37', 'Tài liệu Hệ cơ sở dữ liệu', '.docx', 52, 'A4', 2, 1),
	   ('huynhnga', 8, '2024-05-10', '09:20:02', '09:21:34', 'Đề thi Kỹ thuật lập trình', '.pdf', 20, 'A4', 2, 1),
	   ('huynhnga', 8, '2024-05-12', '10:21:46', '10:22:59', 'Đề thi Cấu trúc rời rạc', '.pdf', 20, 'A4', 2, 1),
	   ('lamtuanhuy', 1, '2024-08-21', '17:06:24', '17:07:55', 'Đề thi Hệ điều hành', '.pdf', 24, 'A4', 2, 1),

-- HK241

	   ('matruongvu', 10, '2024-09-20', '10:20:12', '10:22:05', 'Báo cáo bài tập lớn Mobile app', '.pdf', 20, 'A4', 2, 1),
	   ('matruongvu', 10, '2024-09-27', '09:12:28', '09:13:55', 'Báo cáo bài tập lớn Công nghệ phần mềm', '.pdf', 10, 'A4', 2, 1),
	   ('matruongvu', 5, '2024-09-28', '07:50:49', '07:51:56', 'Tóm tắt công thức xác suất thống kê', '.pdf', 2, 'A4', 2, 5),
	   ('nguyencaocuong', 1, '2024-09-12', '11:30:27', '11:32:56', 'Báo cáo bài tập lớn Mobile app', '.docx', 28, 'A4', 2, 1),
	   ('nguyencaocuong', 1, '2024-09-12', '11:33:21', '11:34:45', 'Tóm tắt công thức xác suất thống kê', '.jpg', 2, 'A4', 2, 2),
	   ('nguyenmanhhung', 3, '2024-09-15', '10:10:29', '10:13:14', 'Báo cáo bài tập lớn Mobile app', '.docx', 36, 'A4', 2, 1),
	   ('nguyenmanhhung', 8, '2024-09-18', '15:10:34', '15:13:18', 'Báo cáo Business canvas', '.pdf', 12, 'A4', 2, 1),
	   ('nguyenmanhhung', 12, '2024-09-18', '15:14:14', '15:15:23', 'Tóm tắt công thức Xác suất thống kê', '.pdf', 2, 'A4', 2, 1),
	   ('lamtuanhuy', 3, '2024-09-16', '17:12:08', '17:13:38', 'Báo cáo đồ án Công nghệ phần mềm', '.pdf', 12, 'A4', 2, 1),
	   ('lamtuanhuy', 3, '2024-09-19', '12:18:38', '12:19:42', 'Báo cáo bài tập lớn Hệ cơ sở dữ liệu', '.pdf', 14, 'A4', 2, 1),
	   ('lamtuanhuy', 7, '2024-09-19', '12:20:49', '12:21:59', 'Đề thi Xác suất thống kê', '.pdf', 8, 'A4', 2, 1),
	   ('lamtuanhuy', 9, '2024-09-19', '12:23:15', '12:25:17', 'Quiz Hệ cơ sở dữ liệu', '.pdf', 16, 'A4', 2, 1),
	   ('lamtuanhuy', 3, '2024-09-19', '12:26:32', '12:27:58', 'Tóm tắt công thức xác suất thống kê', '.jpg', 2, 'A4', 2, 5),
	   ('huynhnga', 1, '2024-09-22', '08:34:33', '08:35:28', 'Tóm tắt công thức xác suất thống kê', '.jpg', 2, 'A4', 2, 2),
	   ('huynhnga', 1, '2024-09-22', '08:36:42', '08:38:06', 'Đề thi hệ điêu hành', '.pdf', 16, 'A4', 2, 1),
	   ('hoangnhatlinh', 6, '2024-09-14', '14:22:11', '14:24:00', 'Quiz Hệ cơ sở dữ liệu', '.pdf', 12, 'A4', 2, 1),
	   ('hoangnhatlinh', 6, '2024-09-17', '09:12:37', '09:14:11', 'Báo cáo bài tập lớn Hệ cơ sở dữ liệu', '.pdf', 18, 'A4', 2, 1),
	   ('hoangnhatlinh', 1, '2024-09-23', '10:28:27', '10:30:20', 'Báo cáo bài tập lớn Kỹ năng chuyên nghiệp cho kỹ sư', '.pdf', 14, 'A4', 2, 1),
	   ('hoangnhatlinh', 2, '2024-09-23', '10:32:00', '10:33:15', 'Tóm tắt công thức xác suất thống kê', '.jpg', 2, 'A4', 2, 3),
	   ('honhattri', 4, '2024-09-05', '12:34:07', '12:36:33', 'Báo cáo bài tập lớn Data Mining', '.docx', 34, 'A4', 2, 1),
	   ('honhattri', 4, '2024-09-12', '07:02:47', '07:04:01', 'Báo cáo bài tập lớn Mạng máy tính', '.pdf', 22, 'A4', 2, 1),
	   ('honhattri', 4, '2024-09-15', '10:23:05', '10:25:19', 'Báo cáo bài tập lớn Kỹ năng chuyên nghiệp cho kỹ sư', '.pdf', 20, 'A4', 2, 1),
	   ('honhattri', 9, '2024-09-19', '14:49:33', '14:50:42', 'Đề thi Mạng máy tính', '.pdf', 14, 'A4', 2, 1),
	   ('honhattri', 10, '2024-09-24', '08:09:12', '08:11:55', 'Báo cáo đồ án Công nghệ phần mền', '.docx', 38, 'A4', 2, 1),
	   ('honhattri', 9, '2024-09-27', '18:09:14', '18:13:29', 'Báo cáo bài tập lớn Công nghệ phần mềm', '.docx', 50, 'A4', 2, 1),
	   ('honhattri', 4, '2024-09-27', '18:14:03', '18:15:45', 'Tóm tắt công thức xác suất thống kê', '.pdf', 2, 'A4', 2, 5),
	   ('nguyentrungtruc', 5, '2024-09-19', '15:24:42', '15:27:02', 'Đề thi Giải tích 1', '.pdf', 20, 'A4', 2, 1),
	   ('nguyentrungtruc', 5, '2024-09-19', '15:28:11', '15:29:19', 'Đề thi Đại số tuyến tính', '.pdf', 12, 'A4', 2, 1),
	   ('nguyentrungtruc', 6, '2024-09-19', '15:30:23', '15:32:26', 'Đề thi Vật lí 1', '.pdf', 16, 'A4', 2, 1),
	   ('nguyentrungtruc', 6, '2024-09-22', '12:44:40', '12:46:17', 'Tóm tắt công thức Vật lí 1', '.pdf', 4, 'A4', 2, 3),
	   ('leducanh', 3, '2024-09-20', '15:11:07', '15:13:52', 'Báo cáo Quản lí sản xuất', '.pdf', 24, 'A4', 2, 1),
	   ('leducanh', 3, '2024-09-21', '11:03:03', '11:05:12', 'Báo cáo Khởi nghiệp', '.pdf', 14, 'A4', 2, 1),
	   ('leducanh', 3, '2024-09-21', '11:06:06', '11:07:19', 'Tóm tắt công thức xác suất thống kê', '.pdf', 2, 'A4', 2, 5),
	   ('tranmy', 4, '2024-09-24', '10:28:27', '10:29:51', 'Đề thi Hóa đại cương', '.pdf', 20, 'A4', 2, 1),
	   ('tranmy', 4, '2024-09-26', '13:16:57', '13:18:12', 'Báo cáo Thí nghiệm vật lí', '.pdf', 20, 'A4', 2, 1),
	   ('tranmy', 5, '2024-09-26', '13:19:23', '13:21:10', 'Tóm tắt công thức xác suất thống kê', '.pdf', 4, 'A4', 2, 5),
	   ('nguyenphuonghang', 1, '2024-09-19', '12:12:12', '12:15:02', 'Báo cáo bài tập lớn Bigdata', '.docx', 32, 'A4', 2, 1),
	   ('nguyenphuonghang', 2, '2024-09-20', '08:12:46', '08:14:59', 'Báo cáo bài tập lớn Data Mining', '.pdf', 26, 'A4', 2, 1),
	   ('nguyenphuonghang', 2, '2024-09-21', '11:05:12', '11:08:02', 'Báo cáo đồ án Thực tập đa ngành', '.docx', 34, 'A4', 2, 1),
	   ('nguyenphuonghang', 1, '2024-09-25', '13:45:24', '13:46:39', 'Đề thi Hệ điều hành', '.pdf', 12, 'A4', 2, 1),
	   ('nguyenphuonghang', 1, '2024-09-25', '13:47:02', '13:48:55', 'Tóm tắt giải thuật', '.pdf', 2, 'A4', 2, 10),
	   ('nguyenphuonghang', 10, '2024-09-26', '16:14:29', '16:15:57', 'Đề thi cấu trúc dữ liệu và giải thuật', '.pdf', 18, 'A4', 2, 1),
	   ('nguyenphuonghang', 10, '2024-09-26', '16:16:32', '16:17:54', 'Tóm tắt giải thuật', '.pdf', 5, 'A4', 2, 4),
	   ('tranhokhoanguyen', 7, '2024-09-14', '17:06:24', '17:07:55', 'Đề thi Vật lí 1', '.pdf', 10, 'A4', 2, 1),
	   ('tranhokhoanguyen', 7, '2024-09-16', '17:08:26', '17:09:34', 'Đề thi Giải tích 1', '.pdf', 18, 'A4', 2, 1),
	   ('tranhokhoanguyen', 8, '2024-09-22', '17:10:32', '17:12:13', 'Đề thi Giải tích 1', '.pdf', 12, 'A4', 2, 1),
	   ('tranhokhoanguyen', 8, '2024-09-22', '17:13:24', '17:16:00', 'Tóm tắt công thức Vật lí 1', '.pdf', 2, 'A4', 2, 5),
	   ('phamvietanh', 3, '2024-09-26', '17:06:24', '17:07:55', 'Đề thi Hệ điều hành', '.docx', 40, 'A4', 2, 1),
	   ('phamvietanh', 3, '2024-09-28', '18:13:32', '18:15:29', 'Báo cáo Thực tập', '.pdf', 12, 'A4', 2, 1),
	   ('phamvietanh', 3, '2024-09-25', '09:02:52', '09:04:48', 'Bảng điểm', '.pdf', 4, 'A4', 2, 2),
	   ('trannhathao', 8, '2024-09-24', '18:00:19', '18:03:01', 'Đề thi Hệ điều hành', '.pdf', 24, 'A4', 2, 1),
	   ('trannhathao', 9, '2024-09-24', '18:05:12', '18:07:00', 'Tóm tắt Hệ điều hành', '.pdf', 2, 'A4', 2, 3),
	   ('tranthuyduong', 12, '2024-09-23', '08:06:24', '08:07:55', 'Đề thi Hệ điều hành', '.docx', 20, 'A4', 2, 3),
	   ('truongvoky', 11, '2024-09-19', '12:06:24', '12:07:55', 'Đề thi Vật lí 1', '.docx', 20, 'A4', 2, 4);

INSERT INTO Purchase_transaction (username, purchase_pages, purchase_date, purchase_time) 
	VALUES('nguyenmanhhung', 5, '2024-08-21', '09:32:21'),
	   ('nguyencaocuong',15, '2024-05-21', '09:42:11'),
	   ('huynhnga', 6, '2024-05-10', '09:20:02'),
	   ('huynhnga',  10, '2024-05-12', '10:21:46'),
	   ('honhattri', 5, '2024-09-19', '14:49:33'),
	   ('honhattri', 19, '2024-09-24', '08:09:12's),
	   ('honhattri', 25, '2024-09-27', '18:09:14'),
	   ('honhattri', 5, '2024-09-27', '18:14:03'),

	   ('nguyenphuonghang', 6, '2024-09-21', '11:05:12'),
	   ('nguyenphuonghang', 6, '2024-09-25', '13:45:24'),
	   ('nguyenphuonghang', 10, '2024-09-25', '13:47:02'),
	   ('nguyenphuonghang',  9, '2024-09-26', '16:14:29'),
	   ('nguyenphuonghang', 10, '2024-09-26', '16:16:32'),
	   ('nguyenphuonghang', 5, '2024-08-21', '09:32:21'),
	   ('nguyenphuonghang', 5, '2024-08-21', '09:32:21');



INSERT INTO Utility 
VALUES ('232', 30, '2024-01-01', 1000, '2024-1-1', '2024-5-25'),
	   ('241', 40, '2024-08-28', 1500, '2024-8-28', '2024-12-29');

INSERT INTO File_types_accepted
VALUES ('232', '.docx'),
       ('232', '.pdf'),
	   ('232', '.xlsx'),
	   ('232', '.jpg'),
	   ('241', '.docx'),
       ('241', '.pdf'),
	   ('241', '.xlsx'),
	   ('241', '.jpg');