INSERT INTO Users 
VALUES ('matruongvu', '$2a$10$TzDeitFt5kFI6nQgLPqJfelouc08AWJAr4tQZyr96X6nal7pw4oBi', 'Ma', 'Truong', 'Vu', 'vumakhmtk22@hcmut.edu.vn', '2004-01-18', '0385676052', 'USER', '2213995', '3', 'Computer', 20),
	   ('nguyencaocuong', '$2a$10$TzDeitFt5kFI6nQgLPqJfelouc08AWJAr4tQZyr96X6nal7pw4oBi', 'Nguyen', 'Cao', 'Cuong', 'cuongnguyen@hcmut.edu.vn', '2004-05-19', '0926632851', 'USER', '2210429', '3', 'Physics', 25),
	   ('nguyenmanhhung', '$2a$10$TzDeitFt5kFI6nQgLPqJfelouc08AWJAr4tQZyr96X6nal7pw4oBi', 'Nguyen', 'Manh', 'Hung', 'hungnguyen@hcmut.edu.vn', '2004-01-26', '0922713005', 'USER', '2211337', '3', 'Chemistry', 15),
	   ('lamtuanhuy', '$2a$10$TzDeitFt5kFI6nQgLPqJfelouc08AWJAr4tQZyr96X6nal7pw4oBi', 'Lam', 'Tuan', 'Huy', 'huylam@hcmut.edu.vn', '2004-03-12', '0987759443', 'USER', '2211456', '3', 'Electric', 10),
	   ('huynhnga', '$2a$10$TzDeitFt5kFI6nQgLPqJfelouc08AWJAr4tQZyr96X6nal7pw4oBi', 'Huynh', null, 'Nga', 'huynhnga@hcmut.edu.vn', '2003-07-08', '0927184729', 'USER', '2111678', '3', 'Industry', 30),
	   ('hoangnhatlinh', '$2a$10$TzDeitFt5kFI6nQgLPqJfelouc08AWJAr4tQZyr96X6nal7pw4oBi', 'Hoang', 'Nhat', 'Linh', 'linhhoang@hcmut.edu.vn', '2004-10-27', '0938537131', 'USER', '2211283', '3', 'Mechanical', 15),
	   ('honhattri', '$2a$10$TzDeitFt5kFI6nQgLPqJfelouc08AWJAr4tQZyr96X6nal7pw4oBi', 'Ho', 'Nhat', 'Tri', 'triho@hcmut.edu.vn', '2004-4-20', '0971620289', 'USER', '2213969', '3', 'Physics', 0),
	   ('nguyentrungtruc', '$2a$10$TzDeitFt5kFI6nQgLPqJfelouc08AWJAr4tQZyr96X6nal7pw4oBi', 'Nguyen', 'Trung', 'Truc', 'trucnguyen@hcmut.edu.vn', '2004-02-29', '0382746273', 'USER', '2212356', '3', 'Computer', 10),
	   ('tranduchuy', '$2a$10$TzDeitFt5kFI6nQgLPqJfelouc08AWJAr4tQZyr96X6nal7pw4oBi@123', 'Tran', 'Duc', 'Huy', 'huytran@hcmut.edu.vn', '2003-12-24', '0366742379', 'USER', '2111506', '4', 'Industry', 40),
	   ('leducanh', '$2a$10$TzDeitFt5kFI6nQgLPqJfelouc08AWJAr4tQZyr96X6nal7pw4oBi', 'Le', 'Duc', 'Anh', 'anhle@hcmut.edu.vn', '2004-12-26', '0903816253', 'USER', '2210015', '3', 'Industry', 15),
	   ('tranmy', '$2a$10$TzDeitFt5kFI6nQgLPqJfelouc08AWJAr4tQZyr96X6nal7pw4oBi', 'Tran', null, 'My', 'mytran@hcmut.edu.vn', '2002-03-15', '0903964525', 'USER', '2011995', '5', 'Chemistry', 10),
	   ('nguyenphuonghang', '$2a$10$TzDeitFt5kFI6nQgLPqJfelouc08AWJAr4tQZyr96X6nal7pw4oBi', 'Nguyen', 'Phuong', 'Hang', 'hangnguyen@hcmut.edu.vn', '2003-02-08', '0365732832', 'USER', '2111389', '4', 'Computer', 0),
	   ('lymyphung', '$2a$10$TzDeitFt5kFI6nQgLPqJfelouc08AWJAr4tQZyr96X6nal7pw4oBi@', 'Ly', 'My', 'Phung', 'phungly@hcmut.edu.vn', '2005-10-21', '0368546127', 'USER', '2312972', '2', 'Electric', 40),
	   ('tranhokhoanguyen', '$2a$10$TzDeitFt5kFI6nQgLPqJfelouc08AWJAr4tQZyr96X6nal7pw4oBi', 'Tran', 'Ho Khoa', 'Nguyen', 'nguyentran@hcmut.edu.vn', '2005-7-20', '0167582750', 'USER', '2311890', '2', 'Physics', 15),
	   ('phamvietanh', '$2a$10$TzDeitFt5kFI6nQgLPqJfelouc08AWJAr4tQZyr96X6nal7pw4oBi', 'Pham', 'Viet', 'Anh', 'anhpham@hcmut.edu.vn', '2002-09-18', '0901027365','USER', '2010032', '5', 'Computer', 10),
	   ('nguyenminhtu', '$2a$10$TzDeitFt5kFI6nQgLPqJfelouc08AWJAr4tQZyr96X6nal7pw4oBi', 'Nguyen', 'Minh', 'Tu', 'tunguyen@hcmut.edu.vn', '2005-05-24', '0924354851', 'USER', '2313086', '2', 'Industry', 40),
	   ('trannhathao', '$2a$10$TzDeitFt5kFI6nQgLPqJfelouc08AWJAr4tQZyr96X6nal7pw4oBi', 'Tran', 'Nhat', 'Hao', 'haotran@hcmut.edu.vn', '2006-07-26', '0378162519', 'USER', '2413006', '1', 'Industry', 25),
	   ('tranthuyduong', '$2a$10$TzDeitFt5kFI6nQgLPqJfelouc08AWJAr4tQZyr96X6nal7pw4oBi', 'Tran', 'Thuy', 'Duong', 'duongtran@hcmut.edu.vn', '2004-09-12', '0933126463', 'USER', '2210679', '3', 'Chemistry', 10),
	   ('quachtinh', '$2a$10$TzDeitFt5kFI6nQgLPqJfelouc08AWJAr4tQZyr96X6nal7pw4oBi', 'Quach', null, 'Tinh', 'tinhquach@hcmut.edu.vn', '2003-09-08', '0975780703', 'USER', '2113025', '4', 'Computer', 40),
	   ('truongvoky', '$2a$10$TzDeitFt5kFI6nQgLPqJfelouc08AWJAr4tQZyr96X6nal7pw4oBi', 'Truong', 'Vo', 'Ky', 'kytruong@hcmut.edu.vn', '2002-11-07', '0969431926', 'USER', '2011245', '5', 'Electric', 10),
	   ('admin', '$2a$10$AsNfKKDEVY45NA6WTBX1gufLDnSadPxuA7RYcZ9PMu0nmxkV0GWOa', 'Hoang', 'Duoc', 'Su', 'adminprinting@gmail.com', '2001-04-01', '0927152562', 'ADMIN', null, null, null, null);

INSERT INTO Printer
VALUES (1, 'HP', 'OfficeJet Pro 9025e', 'May in phun, may in laser, may in da chuc nang (in, scan, copy, fax)', '02', 'H1', '105'),
	   (2, 'Canon', 'imageCLASS MF445dw', 'May in phun, may in laser, may in anh', '02', 'H1', '105'),
	   (3, 'HP', 'LaserJet Pro M404dn', 'May in phun, may in laser, may in da chuc nang (in, scan, copy, fax)', '02', 'H1', '106'),
	   (4, 'Epson', 'WorkForce Pro WF-4740', 'May in phun, may in anh, may in chuyen dung cho nganh cong nghiep', '02', 'H2', '202'),
	   (5, 'HP', 'OfficeJet Pro 9025e', 'May in phun, may in laser, may in da chuc nang (in, scan, copy, fax)', '02', 'H2', '202'),
	   (6, 'Brother', 'MFC-J995DW', 'May in laser, may in phun, may in da chuc nang', '02', 'H2', '202'),
	   (7, 'Epson', 'WorkForce Pro WF-4740', 'May in phun, may in anh, may in chuyen dung cho nganh cong nghiep', '02', 'H3', '104'),
	   (8, 'Brother', 'MFC-J995DW', 'May in laser, may in phun, may in da chuc nang', '02', 'H3', '302'),
	   (9, 'Brother', 'MFC-L2750DW', 'May in laser, may in phun, may in da chuc nang', '02', 'H3', '302'),
	   (10, 'HP', 'OfficeJet Pro 9025e', 'May in phun, may in laser, may in da chuc nang (in, scan, copy, fax)', '02', 'H6', '605'),
	   (11, 'Brother', 'MFC-J995DW', 'May in laser, may in phun, may in da chuc nang', '02', 'H6', '109'),
	   (12, 'Epson', 'WorkForce Pro WF-4740', 'May in phun, may in anh, may in chuyen dung cho nganh cong nghiep', '02', 'H6', '109');

INSERT INTO Printing 
VALUES ('matruongvu', 1),
       ('matruongvu', 2),
	   ('hoangnhatlinh', 11),
	   ('nguyenmanhhung', 3),
	   ('nguyencaocuong', 5),
	   ('nguyencaocuong', 9),
	   ('huynhnga', 8),
	   ('lamtuanhuy', 1),
	   ('matruongvu', 5),
       ('matruongvu', 10),
	   ('nguyencaocuong', 1),
	   ('nguyenmanhhung', 8),
	   ('nguyenmanhhung', 12),
	   ('lamtuanhuy', 3),
	   ('lamtuanhuy', 7),
	   ('lamtuanhuy', 9),
	   ('huynhnga', 1),
	   ('hoangnhatlinh', 6),
	   ('hoangnhatlinh', 1),
	   ('hoangnhatlinh', 2),
	   ('honhattri', 4),
	   ('honhattri', 9),
	   ('honhattri', 10),
	   ('nguyentrungtruc', 5),
	   ('nguyentrungtruc', 6),
	   ('leducanh', 3),
	   ('tranmy', 4),
	   ('tranmy', 5),
	   ('nguyenphuonghang', 1),
	   ('nguyenphuonghang', 2),
	   ('nguyenphuonghang', 10),
	   ('tranhokhoanguyen', 7),
	   ('tranhokhoanguyen', 8),
	   ('phamvietanh', 3),
	   ('trannhathao', 8),
	   ('trannhathao', 9),
	   ('tranthuyduong', 12),
	   ('truongvoky', 11);
	  
INSERT INTO Printed_turn
VALUES 

-- HK232

	   ('matruongvu', 1, '2024-05-15', '09:28:11', '09:30:01', 'bao cao bai tap lon he co so du lieu', '.pdf', 36, 'A4', 2, 1, TRUE),
	   ('matruongvu', 1, '2024-07-26', '14:02:27', '14:03:01', 'tom tat cong thuc kinh te ki thuat', '.jpg', 2, 'A4', 2, 2, TRUE),
	   ('matruongvu', 2, '2024-08-20', '10:56:05', '10:58:12', 'bao cao bai tap lon phap luat dai cuong', '.pdf', 20, 'A4', 2, 1, TRUE),
	   ('hoangnhatlinh', 11, '2024-07-26', '16:20:13', '16:22:00', 'bao cao thi nghiem he thong so', '.pdf', 16, 'A4', 2, 1, TRUE),
	   ('hoangnhatlinh', 11, '2024-08-22', '16:29:13', '16:31:21', 'bao cao thi nghiem hoa dai cuong', '.pdf', 20, 'A4', 2, 1, TRUE),
	   ('nguyenmanhhung', 3, '2024-05-24', '08:22:11', '08:25:16', 'tai lieu he co so du lieu', 'docx', 40, 'A4', 2, 1, TRUE),
	   ('nguyenmanhhung', 3, '2024-08-21', '09:32:21', '09:34:39', 'bao cao thi nghiem hoa dai cuong', '.docx', 30, 'A4', 2, 1, TRUE),
	   ('nguyencaocuong', 5, '2024-05-15', '10:20:05', '10:22:22', 'tai lieu he co so du lieu', '.docx', 40, 'A4', 2, 1, TRUE),
	   ('nguyencaocuong', 9, '2024-05-21', '09:42:11', '09:45:28', 'bao cao bai tap lon lap trinh nang cao', '.pdf', 50, 'A4', 2, 1, TRUE),
	   ('huynhnga', 8, '2024-05-24', '12:28:30', '12:31:37', 'tai lieu he co so du lieu', '.docx', 52, 'A4', 2, 1, TRUE),
	   ('huynhnga', 8, '2024-05-10', '09:20:02', '09:21:34', 'de thi ky thuat lap trinh', '.pdf', 20, 'A4', 2, 1, TRUE),
	   ('huynhnga', 8, '2024-05-12', '10:21:46', '10:22:59', 'de thi cau truc roi rac', '.pdf', 20, 'A4', 2, 1, TRUE),
	   ('lamtuanhuy', 1, '2024-08-21', '17:06:24', '17:07:55', 'de thi he dieu hanh', '.pdf', 24, 'A4', 2, 1, TRUE),

-- HK241

	   ('matruongvu', 10, '2024-09-20', '10:20:12', '10:22:05', 'bao cao bai tap lon mobile app', '.pdf', 20, 'A4', 2, 1, TRUE),
	   ('matruongvu', 10, '2024-09-27', '09:12:28', '09:13:55', 'bao cao tuan cong nghe phan mem', '.pdf', 10, 'A4', 2, 1, TRUE),
	   ('matruongvu', 5, '2024-09-28', '07:50:49', '07:51:56', 'tom tat cong thuc xac suat thong ke', '.pdf', 2, 'A4', 2, 5, TRUE),
	   ('nguyencaocuong', 1, '2024-09-12', '11:30:27', '11:32:56', 'bao cao bai tap lon mobile app', '.docx', 28, 'A4', 2, 1, TRUE),
	   ('nguyencaocuong', 1, '2024-09-12', '11:33:21', '11:34:45', 'tom tat cong thuc xac suat thong ke', '.jpg', 2, 'A4', 2, 2, TRUE),
	   ('nguyenmanhhung', 3, '2024-09-15', '10:10:29', '10:13:14', 'bao cao bai tap lon mobile app', '.docx', 36, 'A4', 2, 1, TRUE),
	   ('nguyenmanhhung', 8, '2024-09-18', '15:10:34', '15:13:18', 'bao cao business canvas', '.pdf', 12, 'A4', 2, 1, TRUE),
	   ('nguyenmanhhung', 12, '2024-09-18', '15:14:14', '15:15:23', 'tom tat cong thuc xac suat thong ke', '.pdf', 2, 'A4', 2, 1, TRUE),
	   ('lamtuanhuy', 3, '2024-09-16', '17:12:08', '17:13:38', 'bao cao tuan do an cong nghe phan mem', '.pdf', 12, 'A4', 2, 1, TRUE),
	   ('lamtuanhuy', 3, '2024-09-19', '12:18:38', '12:19:42', 'bao cao bai tap lon he co so du lieu', '.pdf', 14, 'A4', 2, 1, TRUE),
	   ('lamtuanhuy', 7, '2024-09-19', '12:20:49', '12:21:59', 'de thi xac suat thong ke', '.pdf', 8, 'A4', 2, 1, TRUE),
	   ('lamtuanhuy', 9, '2024-09-19', '12:23:15', '12:25:17', 'quiz he co so du lieu', '.pdf', 16, 'A4', 2, 1, TRUE),
	   ('lamtuanhuy', 3, '2024-09-19', '12:26:32', '12:27:58', 'tom tat cong thuc xac suat thong ke', '.jpg', 2, 'A4', 2, 5, TRUE),
	   ('huynhnga', 1, '2024-09-22', '08:34:33', '08:35:28', 'tom tat cong thuc xac suat thong ke', '.jpg', 2, 'A4', 2, 2, TRUE),
	   ('huynhnga', 1, '2024-09-22', '08:36:42', '08:38:06', 'de thi he dieu hanh', '.pdf', 16, 'A4', 2, 1, TRUE),
	   ('hoangnhatlinh', 6, '2024-09-14', '14:22:11', '14:24:00', 'quiz he co so du lieu', '.pdf', 12, 'A4', 2, 1, TRUE),
	   ('hoangnhatlinh', 6, '2024-09-17', '09:12:37', '09:14:11', 'bao cao bai tap lon he co so du lieu', '.pdf', 18, 'A4', 2, 1, TRUE),
	   ('hoangnhatlinh', 1, '2024-09-23', '10:28:27', '10:30:20', 'bao cao bai tap lon ky nang chuyen nghiep cho ki su', '.pdf', 14, 'A4', 2, 1, TRUE),
	   ('hoangnhatlinh', 2, '2024-09-23', '10:32:00', '10:33:15', 'tom tat cong thuc xac suat thong ke', '.jpg', 2, 'A4', 2, 3, TRUE),
	   ('honhattri', 4, '2024-09-05', '12:34:07', '12:36:33', 'bao cao bai tap lon datamining', '.docx', 34, 'A4', 2, 1, TRUE),
	   ('honhattri', 4, '2024-09-12', '07:02:47', '07:04:01', 'bao cao bai tap lon mang may tinh', '.pdf', 22, 'A4', 2, 1, TRUE),
	   ('honhattri', 4, '2024-09-15', '10:23:05', '10:25:19', 'bao cao bai tap lon ky nang chuyen nghiep cho ki su', '.pdf', 20, 'A4', 2, 1, TRUE),
	   ('honhattri', 9, '2024-09-19', '14:49:33', '14:50:42', 'de thi mang may tinh', '.pdf', 14, 'A4', 2, 1, TRUE),
	   ('honhattri', 10, '2024-09-24', '08:09:12', '08:11:55', 'bao cao do an cong nghe phan mem', '.docx', 38, 'A4', 2, 1, TRUE),
	   ('honhattri', 9, '2024-09-27', '18:09:14', '18:13:29', 'bao cao bai tap lon cong nghe phan mem', '.docx', 50, 'A4', 2, 1, TRUE),
	   ('honhattri', 4, '2024-09-27', '18:14:03', '18:15:45', 'tom tat cong thuc xac suat thong ke', '.pdf', 2, 'A4', 2, 5, TRUE),
	   ('nguyentrungtruc', 5, '2024-09-19', '15:24:42', '15:27:02', 'de thi giua ki giai tich 1', '.pdf', 20, 'A4', 2, 1, TRUE),
	   ('nguyentrungtruc', 5, '2024-09-19', '15:28:11', '15:29:19', 'de thi giua ki dai so tuyen tinh', '.pdf', 12, 'A4', 2, 1, TRUE),
	   ('nguyentrungtruc', 6, '2024-09-19', '15:30:23', '15:32:26', 'de thi giua ki vat li 1', '.pdf', 16, 'A4', 2, 1, TRUE),
	   ('nguyentrungtruc', 6, '2024-09-22', '12:44:40', '12:46:17', 'tom tat cong thuc vat li 1', '.pdf', 4, 'A4', 2, 3, TRUE),
	   ('leducanh', 3, '2024-09-20', '15:11:07', '15:13:52', 'bao cao quan li san xuat', '.pdf', 24, 'A4', 2, 1, TRUE),
	   ('leducanh', 3, '2024-09-21', '11:03:03', '11:05:12', 'bao cao khoi nghiep', '.pdf', 14, 'A4', 2, 1, TRUE),
	   ('leducanh', 3, '2024-09-21', '11:06:06', '11:07:19', 'tom tat cong thuc xac suat thong ke', '.pdf', 2, 'A4', 2, 5, TRUE),
	   ('tranmy', 4, '2024-09-24', '10:28:27', '10:29:51', 'de thi hoa dai cuong', '.pdf', 20, 'A4', 2, 1, TRUE),
	   ('tranmy', 4, '2024-09-26', '13:16:57', '13:18:12', 'bao cao thi nghiem vat li', '.pdf', 20, 'A4', 2, 1, TRUE),
	   ('tranmy', 5, '2024-09-26', '13:19:23', '13:21:10', 'tom tat cong thuc xac suat thong ke', '.pdf', 4, 'A4', 2, 5, TRUE),
	   ('nguyenphuonghang', 1, '2024-09-19', '12:12:12', '12:15:02', 'bao cao bai tap lon bigdata', '.docx', 32, 'A4', 2, 1, TRUE),
	   ('nguyenphuonghang', 2, '2024-09-20', '08:12:46', '08:14:59', 'bao cao bai tap lon datamining', '.pdf', 26, 'A4', 2, 1, TRUE),
	   ('nguyenphuonghang', 2, '2024-09-21', '11:05:12', '11:08:02', 'bao cao do an thuc tap da nganh', '.docx', 34, 'A4', 2, 1, TRUE),
	   ('nguyenphuonghang', 1, '2024-09-25', '13:45:24', '13:46:39', 'de thi he dieu hanh', '.pdf', 12, 'A4', 2, 1, TRUE),
	   ('nguyenphuonghang', 1, '2024-09-25', '13:47:02', '13:48:55', 'tom tat cong thuc', '.pdf', 2, 'A4', 2, 10, TRUE),
	   ('nguyenphuonghang', 10, '2024-09-26', '16:14:29', '16:15:57', 'de thi cau truc du lieu va giai thuat', '.pdf', 18, 'A4', 2, 1, TRUE),
	   ('nguyenphuonghang', 10, '2024-09-26', '16:16:32', '16:17:54', 'tom tat giai thuat', '.pdf', 5, 'A4', 2, 4, TRUE),
	   ('tranhokhoanguyen', 7, '2024-09-14', '17:06:24', '17:07:55', 'de thi vat li 1', '.pdf', 10, 'A4', 2, 1, TRUE),
	   ('tranhokhoanguyen', 7, '2024-09-16', '17:08:26', '17:09:34', 'de thi giai tich 1', '.pdf', 18, 'A4', 2, 1, TRUE),
	   ('tranhokhoanguyen', 8, '2024-09-22', '17:10:32', '17:12:13', 'bai tap giai tich 1', '.pdf', 12, 'A4', 2, 1, TRUE),
	   ('tranhokhoanguyen', 8, '2024-09-22', '17:13:24', '17:16:00', 'tom tat cong thuc vat li 1', '.pdf', 2, 'A4', 2, 5, TRUE),
	   ('phamvietanh', 3, '2024-09-26', '17:06:24', '17:07:55', 'de thi he dieu hanh', '.docx', 40, 'A4', 2, 1, TRUE),
	   ('phamvietanh', 3, '2024-09-28', '18:13:32', '18:15:29', 'bao cao thuc tap', '.pdf', 12, 'A4', 2, 1, TRUE),
	   ('phamvietanh', 3, '2024-09-25', '09:02:52', '09:04:48', 'thong tin sinh vien', '.pdf', 4, 'A4', 2, 2, TRUE),
	   ('trannhathao', 8, '2024-09-24', '18:00:19', '18:03:01', 'de thi he dieu hanh', '.pdf', 24, 'A4', 2, 1, TRUE),
	   ('trannhathao', 9, '2024-09-24', '18:05:12', '18:07:00', 'tom tat cong thuc', '.pdf', 2, 'A4', 2, 3),
	   ('tranthuyduong', 12, '2024-09-23', '08:06:24', '08:07:55', 'de thi he dieu hanh', '.docx', 20, 'A4', 2, 3, TRUE),
	   ('truongvoky', 11, '2024-09-19', '12:06:24', '12:07:55', 'de thi vat li 1', '.docx', 20, 'A4', 2, 4, TRUE);

INSERT INTO Purchase_transaction 
VALUES ('nguyenmanhhung', 1, 5, '2024-08-21', '09:32:21'),
	   ('nguyencaocuong', 2, 15 '2024-05-21', '09:42:11'),
	   ('huynhnga', 3, 6, '2024-05-10', '09:20:02'),
	   ('huynhnga', 4, 10, '2024-05-12', '10:21:46'),
	   ('honhattri', 5, 5, '2024-09-19', '14:49:33'),
	   ('honhattri', 6, 19, '2024-09-24', '08:09:12'),
	   ('honhattri', 7, 25, '2024-09-27', '18:09:14'),
	   ('honhattri', 8, 5, '2024-09-27', '18:14:03'),

	   ('nguyenphuonghang', 9, 6, '2024-09-21', '11:05:12'),
	   ('nguyenphuonghang', 10, 6, '2024-09-25', '13:45:24'),
	   ('nguyenphuonghang', 11, 10, '2024-09-25', '13:47:02'),
	   ('nguyenphuonghang', 12, 9, '2024-09-26', '16:14:29'),
	   ('nguyenphuonghang', 13, 10, '2024-09-26', '16:16:32'),
	   ('nguyenphuonghang', 14, 5, '2024-08-21', '09:32:21'),
	   ('nguyenphuonghang', 15, 5, '2024-08-21', '09:32:21');



INSERT INTO Utility 
VALUES ('232', 30, '2024-01-01', 1000),
	   ('241', 40, '2024-08-28', 1500);

INSERT INTO File_types_accepted
VALUES ('232', '.docx'),
       ('232', '.pdf'),
	   ('232', 'xlsx'),
	   ('232', 'jpg'),
	   ('241', '.docx'),
       ('241', '.pdf'),
	   ('241', 'xlsx'),
	   ('241', 'jpg');